{
  "activations": [
    "sigmoid",
    "sigmoid",
    "sigmoid"
  ],
  "weights": {
    "B2": [
      [0.24998264014720917],
      [1.7398006916046143],
      [-0.4500846862792969],
      [-0.2469543069601059],
      [0.6663315892219543],
      [0.361840158700943],
      [1.004442811012268]
    ],
    "B3": [
      [-0.9121876955032349],
      [-2.759243965148926],
      [1.1854581832885742],
      [-4.01345682144165]
    ],
    "W1": [
      [
        -1.215651273727417,
        5.793313980102539,
        1.1406177282333374,
        0.7369277477264404,
        -0.27332645654678345,
        0.734830915927887
      ],
      [
        1.5951719284057617,
        -7.907141208648682,
        -1.3674647808074951,
        -0.31193816661834717,
        1.4494127035140991,
        0.35819584131240845
      ],
      [
        -1.0860527753829956,
        14.250557899475098,
        -1.3097847700119019,
        -1.3107271194458008,
        1.165834665298462,
        -0.9812955856323242
      ],
      [
        0.3106856346130371,
        4.591801643371582,
        0.6673474311828613,
        -1.1346547603607178,
        1.561242938041687,
        -0.28452572226524353
      ],
      [
        8.79740047454834,
        0.46366816759109497,
        0.42521241307258606,
        0.15859684348106384,
        -0.08113814890384674,
        -0.7818636894226074
      ],
      [
        11.578332901000977,
        -0.06446655094623566,
        -0.10512567311525345,
        -0.20846375823020935,
        -0.7482752799987793,
        -0.3290095925331116
      ],
      [
        -1.4906809329986572,
        -15.460837364196777,
        0.25504270195961,
        -0.3448743224143982,
        0.20194005966186523,
        -0.8465785980224609
      ],
      [
        0.2559553384780884,
        -0.6357730627059937,
        -0.8095427751541138,
        -0.047804880887269974,
        -0.07430265098810196,
        -0.6157235503196716
      ],
      [
        4.159967422485352,
        5.251796722412109,
        0.5794284343719482,
        1.0923243761062622,
        -1.805435299873352,
        -1.0025473833084106
      ],
      [
        -8.239228248596191,
        1.935491919517517,
        -0.6494341492652893,
        -1.9496570825576782,
        0.656531572341919,
        0.6121100783348083
      ],
      [
        10.378803253173828,
        -1.445833683013916,
        -0.47352293133735657,
        -2.106823444366455,
        1.3835985660552979,
        1.3642303943634033
      ],
      [
        -11.886627197265625,
        -2.419734477996826,
        0.05442984029650688,
        -0.49046802520751953,
        -0.52334064245224,
        -0.14823484420776367
      ]
    ],
    "W2": [
      [
        -2.609126567840576,
        3.8225769996643066,
        -6.711370944976807,
        -2.1554946899414062,
        0.22137947380542755,
        2.0411252975463867,
        7.197761535644531,
        0.2141660451889038,
        -2.9315786361694336,
        -0.04914211109280586,
        1.2592390775680542,
        1.6322649717330933
      ],
      [
        1.8973335027694702,
        -2.7890591621398926,
        2.3197972774505615,
        -0.22978724539279938,
        -5.601291179656982,
        -6.855216026306152,
        -0.2662116587162018,
        0.24132327735424042,
        -2.8010997772216797,
        5.499513149261475,
        -6.277245044708252,
        9.172329902648926
      ],
      [
        -0.8800448775291443,
        1.5538926124572754,
        -0.5370073914527893,
        -0.38694560527801514,
        3.4115400314331055,
        4.569460391998291,
        0.8998123407363892,
        0.030827481299638748,
        1.1054800748825073,
        -4.647482395172119,
        4.44178581237793,
        -5.663994789123535
      ],
      [
        1.1828144788742065,
        -1.122902750968933,
        3.306452751159668,
        1.087140679359436,
        0.06263738870620728,
        -0.8021948337554932,
        -4.564281940460205,
        0.16782936453819275,
        0.8684933185577393,
        0.06045427545905113,
        0.27393391728401184,
        -1.469149112701416
      ],
      [
        0.7099321484565735,
        0.37085750699043274,
        0.2228575497865677,
        0.45197150111198425,
        0.812680184841156,
        0.4311254024505615,
        0.6134246587753296,
        0.18442556262016296,
        0.4419577717781067,
        0.7183526754379272,
        0.5690452456474304,
        -0.460761159658432
      ],
      [
        -3.4092648029327393,
        4.492741584777832,
        -8.230690002441406,
        -2.8273766040802,
        0.5138364434242249,
        1.875773549079895,
        10.328903198242188,
        0.6421904563903809,
        -3.7770397663116455,
        -0.7048386335372925,
        1.7765635251998901,
        1.966766595840454
      ],
      [
        0.6463406085968018,
        -1.641736388206482,
        1.7293261289596558,
        -0.367625892162323,
        -2.748359441757202,
        -3.902010440826416,
        -0.26964041590690613,
        0.31377968192100525,
        -1.7800381183624268,
        3.16811203956604,
        -3.5721335411071777,
        6.185249328613281
      ]
    ],
    "W3": [
      [
        -2.1899220943450928,
        15.732704162597656,
        -10.803987503051758,
        -2.355764150619507,
        -1.8349744081497192,
        -0.7457590103149414,
        9.405967712402344
      ],
      [
        -1.724879264831543,
        -1.7079553604125977,
        -2.4102706909179688,
        -2.0604498386383057,
        -3.2008354663848877,
        -1.617722749710083,
        -0.8179086446762085
      ],
      [
        -11.229026794433594,
        4.441635608673096,
        4.495811462402344,
        6.928951740264893,
        1.1392276287078857,
        -15.342583656311035,
        3.0672504901885986
      ],
      [
        -2.1439361572265625,
        -0.7594428658485413,
        -1.3510537147521973,
        -1.8534448146820068,
        -3.1264142990112305,
        -1.2071629762649536,
        -1.0716125965118408
      ]
    ],
    "B1": [
      [-0.3334839642047882],
      [-1.8128890991210938],
      [0.15399490296840668],
      [-0.1791425347328186],
      [-0.2143567055463791],
      [-0.7096213102340698],
      [0.8847724795341492],
      [-0.2567499577999115],
      [-0.5510573983192444],
      [-0.5274291634559631],
      [-0.6969168186187744],
      [1.795812964439392]
    ]
  }
}